id,path_to_image
0,inditex_images/0.jpg
1,inditex_images/1.jpg
2,inditex_images/2.jpg
3,inditex_images/3.jpg
4,inditex_images/4.jpg
5,inditex_images/5.jpg
6,inditex_images/6.jpg
8,inditex_images/8.jpg
10,inditex_images/10.jpg
11,inditex_images/11.jpg
12,inditex_images/12.jpg
13,inditex_images/13.jpg
15,inditex_images/15.jpg
16,inditex_images/16.jpg
17,inditex_images/17.jpg
19,inditex_images/19.jpg
21,inditex_images/21.jpg
22,inditex_images/22.jpg
23,inditex_images/23.jpg
24,inditex_images/24.jpg
25,inditex_images/25.jpg
26,inditex_images/26.jpg
27,inditex_images/27.jpg
29,inditex_images/29.jpg
30,inditex_images/30.jpg
31,inditex_images/31.jpg
32,inditex_images/32.jpg
33,inditex_images/33.jpg
34,inditex_images/34.jpg
35,inditex_images/35.jpg
36,inditex_images/36.jpg
37,inditex_images/37.jpg
38,inditex_images/38.jpg
39,inditex_images/39.jpg
40,inditex_images/40.jpg
41,inditex_images/41.jpg
43,inditex_images/43.jpg
44,inditex_images/44.jpg
45,inditex_images/45.jpg
46,inditex_images/46.jpg
47,inditex_images/47.jpg
48,inditex_images/48.jpg
49,inditex_images/49.jpg
50,inditex_images/50.jpg
51,inditex_images/51.jpg
52,inditex_images/52.jpg
53,inditex_images/53.jpg
56,inditex_images/56.jpg
57,inditex_images/57.jpg
58,inditex_images/58.jpg
59,inditex_images/59.jpg
60,inditex_images/60.jpg
61,inditex_images/61.jpg
64,inditex_images/64.jpg
67,inditex_images/67.jpg
68,inditex_images/68.jpg
69,inditex_images/69.jpg
73,inditex_images/73.jpg
74,inditex_images/74.jpg
75,inditex_images/75.jpg
76,inditex_images/76.jpg
77,inditex_images/77.jpg
78,inditex_images/78.jpg
79,inditex_images/79.jpg
80,inditex_images/80.jpg
81,inditex_images/81.jpg
82,inditex_images/82.jpg
83,inditex_images/83.jpg
84,inditex_images/84.jpg
85,inditex_images/85.jpg
86,inditex_images/86.jpg
87,inditex_images/87.jpg
88,inditex_images/88.jpg
89,inditex_images/89.jpg
90,inditex_images/90.jpg
91,inditex_images/91.jpg
92,inditex_images/92.jpg
93,inditex_images/93.jpg
94,inditex_images/94.jpg
95,inditex_images/95.jpg
96,inditex_images/96.jpg
97,inditex_images/97.jpg
98,inditex_images/98.jpg
99,inditex_images/99.jpg
100,inditex_images/100.jpg
101,inditex_images/101.jpg
103,inditex_images/103.jpg
104,inditex_images/104.jpg
105,inditex_images/105.jpg
106,inditex_images/106.jpg
107,inditex_images/107.jpg
108,inditex_images/108.jpg
109,inditex_images/109.jpg
110,inditex_images/110.jpg
111,inditex_images/111.jpg
112,inditex_images/112.jpg
113,inditex_images/113.jpg
114,inditex_images/114.jpg
115,inditex_images/115.jpg
116,inditex_images/116.jpg
117,inditex_images/117.jpg
118,inditex_images/118.jpg
120,inditex_images/120.jpg
121,inditex_images/121.jpg
123,inditex_images/123.jpg
124,inditex_images/124.jpg
125,inditex_images/125.jpg
126,inditex_images/126.jpg
127,inditex_images/127.jpg
128,inditex_images/128.jpg
129,inditex_images/129.jpg
130,inditex_images/130.jpg
131,inditex_images/131.jpg
132,inditex_images/132.jpg
133,inditex_images/133.jpg
134,inditex_images/134.jpg
135,inditex_images/135.jpg
138,inditex_images/138.jpg
139,inditex_images/139.jpg
141,inditex_images/141.jpg
142,inditex_images/142.jpg
143,inditex_images/143.jpg
144,inditex_images/144.jpg
145,inditex_images/145.jpg
146,inditex_images/146.jpg
147,inditex_images/147.jpg
151,inditex_images/151.jpg
152,inditex_images/152.jpg
153,inditex_images/153.jpg
154,inditex_images/154.jpg
155,inditex_images/155.jpg
156,inditex_images/156.jpg
157,inditex_images/157.jpg
158,inditex_images/158.jpg
159,inditex_images/159.jpg
160,inditex_images/160.jpg
161,inditex_images/161.jpg
162,inditex_images/162.jpg
164,inditex_images/164.jpg
165,inditex_images/165.jpg
166,inditex_images/166.jpg
167,inditex_images/167.jpg
168,inditex_images/168.jpg
170,inditex_images/170.jpg
171,inditex_images/171.jpg
172,inditex_images/172.jpg
174,inditex_images/174.jpg
175,inditex_images/175.jpg
176,inditex_images/176.jpg
178,inditex_images/178.jpg
179,inditex_images/179.jpg
180,inditex_images/180.jpg
181,inditex_images/181.jpg
184,inditex_images/184.jpg
185,inditex_images/185.jpg
186,inditex_images/186.jpg
187,inditex_images/187.jpg
188,inditex_images/188.jpg
189,inditex_images/189.jpg
190,inditex_images/190.jpg
191,inditex_images/191.jpg
192,inditex_images/192.jpg
193,inditex_images/193.jpg
194,inditex_images/194.jpg
195,inditex_images/195.jpg
196,inditex_images/196.jpg
197,inditex_images/197.jpg
198,inditex_images/198.jpg
199,inditex_images/199.jpg
200,inditex_images/200.jpg
201,inditex_images/201.jpg
202,inditex_images/202.jpg
203,inditex_images/203.jpg
204,inditex_images/204.jpg
205,inditex_images/205.jpg
206,inditex_images/206.jpg
207,inditex_images/207.jpg
208,inditex_images/208.jpg
209,inditex_images/209.jpg
211,inditex_images/211.jpg
212,inditex_images/212.jpg
214,inditex_images/214.jpg
215,inditex_images/215.jpg
217,inditex_images/217.jpg
218,inditex_images/218.jpg
220,inditex_images/220.jpg
222,inditex_images/222.jpg
223,inditex_images/223.jpg
224,inditex_images/224.jpg
225,inditex_images/225.jpg
227,inditex_images/227.jpg
228,inditex_images/228.jpg
229,inditex_images/229.jpg
230,inditex_images/230.jpg
231,inditex_images/231.jpg
232,inditex_images/232.jpg
234,inditex_images/234.jpg
235,inditex_images/235.jpg
236,inditex_images/236.jpg
237,inditex_images/237.jpg
238,inditex_images/238.jpg
239,inditex_images/239.jpg
240,inditex_images/240.jpg
241,inditex_images/241.jpg
242,inditex_images/242.jpg
243,inditex_images/243.jpg
244,inditex_images/244.jpg
245,inditex_images/245.jpg
246,inditex_images/246.jpg
247,inditex_images/247.jpg
248,inditex_images/248.jpg
249,inditex_images/249.jpg
250,inditex_images/250.jpg
251,inditex_images/251.jpg
252,inditex_images/252.jpg
253,inditex_images/253.jpg
255,inditex_images/255.jpg
256,inditex_images/256.jpg
257,inditex_images/257.jpg
258,inditex_images/258.jpg
259,inditex_images/259.jpg
260,inditex_images/260.jpg
261,inditex_images/261.jpg
265,inditex_images/265.jpg
266,inditex_images/266.jpg
268,inditex_images/268.jpg
269,inditex_images/269.jpg
270,inditex_images/270.jpg
271,inditex_images/271.jpg
272,inditex_images/272.jpg
273,inditex_images/273.jpg
274,inditex_images/274.jpg
275,inditex_images/275.jpg
276,inditex_images/276.jpg
277,inditex_images/277.jpg
278,inditex_images/278.jpg
279,inditex_images/279.jpg
280,inditex_images/280.jpg
281,inditex_images/281.jpg
282,inditex_images/282.jpg
283,inditex_images/283.jpg
284,inditex_images/284.jpg
285,inditex_images/285.jpg
286,inditex_images/286.jpg
287,inditex_images/287.jpg
288,inditex_images/288.jpg
289,inditex_images/289.jpg
290,inditex_images/290.jpg
291,inditex_images/291.jpg
293,inditex_images/293.jpg
295,inditex_images/295.jpg
296,inditex_images/296.jpg
297,inditex_images/297.jpg
298,inditex_images/298.jpg
299,inditex_images/299.jpg
300,inditex_images/300.jpg
301,inditex_images/301.jpg
302,inditex_images/302.jpg
303,inditex_images/303.jpg
304,inditex_images/304.jpg
305,inditex_images/305.jpg
308,inditex_images/308.jpg
309,inditex_images/309.jpg
311,inditex_images/311.jpg
312,inditex_images/312.jpg
313,inditex_images/313.jpg
315,inditex_images/315.jpg
316,inditex_images/316.jpg
317,inditex_images/317.jpg
319,inditex_images/319.jpg
320,inditex_images/320.jpg
322,inditex_images/322.jpg
323,inditex_images/323.jpg
324,inditex_images/324.jpg
325,inditex_images/325.jpg
326,inditex_images/326.jpg
328,inditex_images/328.jpg
330,inditex_images/330.jpg
331,inditex_images/331.jpg
332,inditex_images/332.jpg
333,inditex_images/333.jpg
334,inditex_images/334.jpg
335,inditex_images/335.jpg
337,inditex_images/337.jpg
339,inditex_images/339.jpg
340,inditex_images/340.jpg
341,inditex_images/341.jpg
342,inditex_images/342.jpg
343,inditex_images/343.jpg
344,inditex_images/344.jpg
346,inditex_images/346.jpg
348,inditex_images/348.jpg
349,inditex_images/349.jpg
350,inditex_images/350.jpg
353,inditex_images/353.jpg
354,inditex_images/354.jpg
355,inditex_images/355.jpg
356,inditex_images/356.jpg
357,inditex_images/357.jpg
358,inditex_images/358.jpg
360,inditex_images/360.jpg
361,inditex_images/361.jpg
363,inditex_images/363.jpg
364,inditex_images/364.jpg
365,inditex_images/365.jpg
368,inditex_images/368.jpg
369,inditex_images/369.jpg
370,inditex_images/370.jpg
371,inditex_images/371.jpg
372,inditex_images/372.jpg
373,inditex_images/373.jpg
374,inditex_images/374.jpg
375,inditex_images/375.jpg
376,inditex_images/376.jpg
377,inditex_images/377.jpg
379,inditex_images/379.jpg
381,inditex_images/381.jpg
382,inditex_images/382.jpg
383,inditex_images/383.jpg
385,inditex_images/385.jpg
386,inditex_images/386.jpg
387,inditex_images/387.jpg
388,inditex_images/388.jpg
389,inditex_images/389.jpg
390,inditex_images/390.jpg
391,inditex_images/391.jpg
392,inditex_images/392.jpg
393,inditex_images/393.jpg
394,inditex_images/394.jpg
396,inditex_images/396.jpg
397,inditex_images/397.jpg
398,inditex_images/398.jpg
399,inditex_images/399.jpg
400,inditex_images/400.jpg
401,inditex_images/401.jpg
402,inditex_images/402.jpg
403,inditex_images/403.jpg
404,inditex_images/404.jpg
405,inditex_images/405.jpg
407,inditex_images/407.jpg
408,inditex_images/408.jpg
410,inditex_images/410.jpg
411,inditex_images/411.jpg
412,inditex_images/412.jpg
416,inditex_images/416.jpg
417,inditex_images/417.jpg
418,inditex_images/418.jpg
419,inditex_images/419.jpg
420,inditex_images/420.jpg
421,inditex_images/421.jpg
422,inditex_images/422.jpg
423,inditex_images/423.jpg
424,inditex_images/424.jpg
425,inditex_images/425.jpg
426,inditex_images/426.jpg
427,inditex_images/427.jpg
428,inditex_images/428.jpg
429,inditex_images/429.jpg
430,inditex_images/430.jpg
431,inditex_images/431.jpg
432,inditex_images/432.jpg
433,inditex_images/433.jpg
434,inditex_images/434.jpg
435,inditex_images/435.jpg
436,inditex_images/436.jpg
437,inditex_images/437.jpg
440,inditex_images/440.jpg
441,inditex_images/441.jpg
442,inditex_images/442.jpg
443,inditex_images/443.jpg
444,inditex_images/444.jpg
445,inditex_images/445.jpg
446,inditex_images/446.jpg
447,inditex_images/447.jpg
449,inditex_images/449.jpg
450,inditex_images/450.jpg
451,inditex_images/451.jpg
452,inditex_images/452.jpg
453,inditex_images/453.jpg
454,inditex_images/454.jpg
455,inditex_images/455.jpg
456,inditex_images/456.jpg
457,inditex_images/457.jpg
458,inditex_images/458.jpg
459,inditex_images/459.jpg
460,inditex_images/460.jpg
461,inditex_images/461.jpg
462,inditex_images/462.jpg
463,inditex_images/463.jpg
466,inditex_images/466.jpg
467,inditex_images/467.jpg
469,inditex_images/469.jpg
470,inditex_images/470.jpg
471,inditex_images/471.jpg
473,inditex_images/473.jpg
474,inditex_images/474.jpg
475,inditex_images/475.jpg
476,inditex_images/476.jpg
477,inditex_images/477.jpg
479,inditex_images/479.jpg
480,inditex_images/480.jpg
481,inditex_images/481.jpg
482,inditex_images/482.jpg
483,inditex_images/483.jpg
484,inditex_images/484.jpg
485,inditex_images/485.jpg
486,inditex_images/486.jpg
487,inditex_images/487.jpg
488,inditex_images/488.jpg
489,inditex_images/489.jpg
490,inditex_images/490.jpg
491,inditex_images/491.jpg
492,inditex_images/492.jpg
493,inditex_images/493.jpg
494,inditex_images/494.jpg
495,inditex_images/495.jpg
496,inditex_images/496.jpg
497,inditex_images/497.jpg
500,inditex_images/500.jpg
501,inditex_images/501.jpg
503,inditex_images/503.jpg
504,inditex_images/504.jpg
505,inditex_images/505.jpg
506,inditex_images/506.jpg
508,inditex_images/508.jpg
509,inditex_images/509.jpg
510,inditex_images/510.jpg
511,inditex_images/511.jpg
512,inditex_images/512.jpg
513,inditex_images/513.jpg
515,inditex_images/515.jpg
516,inditex_images/516.jpg
517,inditex_images/517.jpg
518,inditex_images/518.jpg
520,inditex_images/520.jpg
521,inditex_images/521.jpg
522,inditex_images/522.jpg
524,inditex_images/524.jpg
526,inditex_images/526.jpg
527,inditex_images/527.jpg
528,inditex_images/528.jpg
531,inditex_images/531.jpg
532,inditex_images/532.jpg
533,inditex_images/533.jpg
534,inditex_images/534.jpg
535,inditex_images/535.jpg
536,inditex_images/536.jpg
537,inditex_images/537.jpg
538,inditex_images/538.jpg
539,inditex_images/539.jpg
540,inditex_images/540.jpg
541,inditex_images/541.jpg
542,inditex_images/542.jpg
543,inditex_images/543.jpg
544,inditex_images/544.jpg
545,inditex_images/545.jpg
546,inditex_images/546.jpg
547,inditex_images/547.jpg
548,inditex_images/548.jpg
549,inditex_images/549.jpg
550,inditex_images/550.jpg
551,inditex_images/551.jpg
552,inditex_images/552.jpg
554,inditex_images/554.jpg
556,inditex_images/556.jpg
557,inditex_images/557.jpg
558,inditex_images/558.jpg
559,inditex_images/559.jpg
560,inditex_images/560.jpg
561,inditex_images/561.jpg
562,inditex_images/562.jpg
563,inditex_images/563.jpg
564,inditex_images/564.jpg
566,inditex_images/566.jpg
567,inditex_images/567.jpg
568,inditex_images/568.jpg
569,inditex_images/569.jpg
570,inditex_images/570.jpg
571,inditex_images/571.jpg
572,inditex_images/572.jpg
574,inditex_images/574.jpg
576,inditex_images/576.jpg
577,inditex_images/577.jpg
578,inditex_images/578.jpg
579,inditex_images/579.jpg
580,inditex_images/580.jpg
581,inditex_images/581.jpg
582,inditex_images/582.jpg
583,inditex_images/583.jpg
586,inditex_images/586.jpg
591,inditex_images/591.jpg
592,inditex_images/592.jpg
593,inditex_images/593.jpg
595,inditex_images/595.jpg
596,inditex_images/596.jpg
598,inditex_images/598.jpg
599,inditex_images/599.jpg
600,inditex_images/600.jpg
602,inditex_images/602.jpg
603,inditex_images/603.jpg
604,inditex_images/604.jpg
605,inditex_images/605.jpg
606,inditex_images/606.jpg
607,inditex_images/607.jpg
608,inditex_images/608.jpg
609,inditex_images/609.jpg
610,inditex_images/610.jpg
611,inditex_images/611.jpg
612,inditex_images/612.jpg
613,inditex_images/613.jpg
614,inditex_images/614.jpg
615,inditex_images/615.jpg
616,inditex_images/616.jpg
617,inditex_images/617.jpg
618,inditex_images/618.jpg
619,inditex_images/619.jpg
620,inditex_images/620.jpg
622,inditex_images/622.jpg
623,inditex_images/623.jpg
624,inditex_images/624.jpg
625,inditex_images/625.jpg
626,inditex_images/626.jpg
628,inditex_images/628.jpg
629,inditex_images/629.jpg
630,inditex_images/630.jpg
631,inditex_images/631.jpg
632,inditex_images/632.jpg
633,inditex_images/633.jpg
634,inditex_images/634.jpg
635,inditex_images/635.jpg
636,inditex_images/636.jpg
637,inditex_images/637.jpg
638,inditex_images/638.jpg
640,inditex_images/640.jpg
641,inditex_images/641.jpg
643,inditex_images/643.jpg
644,inditex_images/644.jpg
646,inditex_images/646.jpg
648,inditex_images/648.jpg
649,inditex_images/649.jpg
651,inditex_images/651.jpg
652,inditex_images/652.jpg
653,inditex_images/653.jpg
654,inditex_images/654.jpg
655,inditex_images/655.jpg
656,inditex_images/656.jpg
657,inditex_images/657.jpg
658,inditex_images/658.jpg
660,inditex_images/660.jpg
662,inditex_images/662.jpg
664,inditex_images/664.jpg
665,inditex_images/665.jpg
667,inditex_images/667.jpg
668,inditex_images/668.jpg
669,inditex_images/669.jpg
670,inditex_images/670.jpg
671,inditex_images/671.jpg
673,inditex_images/673.jpg
674,inditex_images/674.jpg
676,inditex_images/676.jpg
677,inditex_images/677.jpg
679,inditex_images/679.jpg
680,inditex_images/680.jpg
681,inditex_images/681.jpg
683,inditex_images/683.jpg
684,inditex_images/684.jpg
685,inditex_images/685.jpg
686,inditex_images/686.jpg
687,inditex_images/687.jpg
688,inditex_images/688.jpg
689,inditex_images/689.jpg
690,inditex_images/690.jpg
691,inditex_images/691.jpg
693,inditex_images/693.jpg
694,inditex_images/694.jpg
695,inditex_images/695.jpg
696,inditex_images/696.jpg
697,inditex_images/697.jpg
698,inditex_images/698.jpg
699,inditex_images/699.jpg
700,inditex_images/700.jpg
701,inditex_images/701.jpg
702,inditex_images/702.jpg
703,inditex_images/703.jpg
704,inditex_images/704.jpg
706,inditex_images/706.jpg
707,inditex_images/707.jpg
708,inditex_images/708.jpg
709,inditex_images/709.jpg
712,inditex_images/712.jpg
713,inditex_images/713.jpg
714,inditex_images/714.jpg
715,inditex_images/715.jpg
716,inditex_images/716.jpg
717,inditex_images/717.jpg
718,inditex_images/718.jpg
719,inditex_images/719.jpg
720,inditex_images/720.jpg
721,inditex_images/721.jpg
724,inditex_images/724.jpg
725,inditex_images/725.jpg
726,inditex_images/726.jpg
727,inditex_images/727.jpg
728,inditex_images/728.jpg
729,inditex_images/729.jpg
730,inditex_images/730.jpg
731,inditex_images/731.jpg
732,inditex_images/732.jpg
733,inditex_images/733.jpg
734,inditex_images/734.jpg
735,inditex_images/735.jpg
737,inditex_images/737.jpg
738,inditex_images/738.jpg
739,inditex_images/739.jpg
741,inditex_images/741.jpg
743,inditex_images/743.jpg
744,inditex_images/744.jpg
745,inditex_images/745.jpg
747,inditex_images/747.jpg
748,inditex_images/748.jpg
750,inditex_images/750.jpg
751,inditex_images/751.jpg
752,inditex_images/752.jpg
754,inditex_images/754.jpg
755,inditex_images/755.jpg
756,inditex_images/756.jpg
758,inditex_images/758.jpg
759,inditex_images/759.jpg
760,inditex_images/760.jpg
762,inditex_images/762.jpg
763,inditex_images/763.jpg
764,inditex_images/764.jpg
765,inditex_images/765.jpg
766,inditex_images/766.jpg
768,inditex_images/768.jpg
770,inditex_images/770.jpg
772,inditex_images/772.jpg
773,inditex_images/773.jpg
774,inditex_images/774.jpg
775,inditex_images/775.jpg
776,inditex_images/776.jpg
777,inditex_images/777.jpg
778,inditex_images/778.jpg
779,inditex_images/779.jpg
780,inditex_images/780.jpg
781,inditex_images/781.jpg
782,inditex_images/782.jpg
783,inditex_images/783.jpg
784,inditex_images/784.jpg
785,inditex_images/785.jpg
786,inditex_images/786.jpg
788,inditex_images/788.jpg
789,inditex_images/789.jpg
790,inditex_images/790.jpg
791,inditex_images/791.jpg
793,inditex_images/793.jpg
795,inditex_images/795.jpg
796,inditex_images/796.jpg
797,inditex_images/797.jpg
799,inditex_images/799.jpg
800,inditex_images/800.jpg
801,inditex_images/801.jpg
802,inditex_images/802.jpg
803,inditex_images/803.jpg
804,inditex_images/804.jpg
806,inditex_images/806.jpg
807,inditex_images/807.jpg
808,inditex_images/808.jpg
809,inditex_images/809.jpg
810,inditex_images/810.jpg
811,inditex_images/811.jpg
812,inditex_images/812.jpg
813,inditex_images/813.jpg
814,inditex_images/814.jpg
815,inditex_images/815.jpg
816,inditex_images/816.jpg
817,inditex_images/817.jpg
818,inditex_images/818.jpg
819,inditex_images/819.jpg
821,inditex_images/821.jpg
822,inditex_images/822.jpg
823,inditex_images/823.jpg
824,inditex_images/824.jpg
825,inditex_images/825.jpg
826,inditex_images/826.jpg
827,inditex_images/827.jpg
828,inditex_images/828.jpg
829,inditex_images/829.jpg
830,inditex_images/830.jpg
832,inditex_images/832.jpg
833,inditex_images/833.jpg
834,inditex_images/834.jpg
836,inditex_images/836.jpg
837,inditex_images/837.jpg
839,inditex_images/839.jpg
841,inditex_images/841.jpg
842,inditex_images/842.jpg
844,inditex_images/844.jpg
845,inditex_images/845.jpg
846,inditex_images/846.jpg
847,inditex_images/847.jpg
850,inditex_images/850.jpg
851,inditex_images/851.jpg
852,inditex_images/852.jpg
853,inditex_images/853.jpg
854,inditex_images/854.jpg
856,inditex_images/856.jpg
857,inditex_images/857.jpg
858,inditex_images/858.jpg
859,inditex_images/859.jpg
860,inditex_images/860.jpg
861,inditex_images/861.jpg
862,inditex_images/862.jpg
863,inditex_images/863.jpg
864,inditex_images/864.jpg
865,inditex_images/865.jpg
866,inditex_images/866.jpg
867,inditex_images/867.jpg
868,inditex_images/868.jpg
869,inditex_images/869.jpg
870,inditex_images/870.jpg
871,inditex_images/871.jpg
872,inditex_images/872.jpg
873,inditex_images/873.jpg
876,inditex_images/876.jpg
878,inditex_images/878.jpg
879,inditex_images/879.jpg
880,inditex_images/880.jpg
881,inditex_images/881.jpg
882,inditex_images/882.jpg
884,inditex_images/884.jpg
885,inditex_images/885.jpg
886,inditex_images/886.jpg
887,inditex_images/887.jpg
888,inditex_images/888.jpg
889,inditex_images/889.jpg
890,inditex_images/890.jpg
891,inditex_images/891.jpg
892,inditex_images/892.jpg
893,inditex_images/893.jpg
894,inditex_images/894.jpg
895,inditex_images/895.jpg
896,inditex_images/896.jpg
898,inditex_images/898.jpg
899,inditex_images/899.jpg
900,inditex_images/900.jpg
901,inditex_images/901.jpg
903,inditex_images/903.jpg
904,inditex_images/904.jpg
905,inditex_images/905.jpg
906,inditex_images/906.jpg
907,inditex_images/907.jpg
908,inditex_images/908.jpg
909,inditex_images/909.jpg
910,inditex_images/910.jpg
911,inditex_images/911.jpg
912,inditex_images/912.jpg
913,inditex_images/913.jpg
914,inditex_images/914.jpg
915,inditex_images/915.jpg
916,inditex_images/916.jpg
919,inditex_images/919.jpg
921,inditex_images/921.jpg
922,inditex_images/922.jpg
927,inditex_images/927.jpg
931,inditex_images/931.jpg
932,inditex_images/932.jpg
933,inditex_images/933.jpg
935,inditex_images/935.jpg
938,inditex_images/938.jpg
940,inditex_images/940.jpg
941,inditex_images/941.jpg
942,inditex_images/942.jpg
943,inditex_images/943.jpg
946,inditex_images/946.jpg
947,inditex_images/947.jpg
948,inditex_images/948.jpg
949,inditex_images/949.jpg
950,inditex_images/950.jpg
951,inditex_images/951.jpg
953,inditex_images/953.jpg
954,inditex_images/954.jpg
955,inditex_images/955.jpg
956,inditex_images/956.jpg
957,inditex_images/957.jpg
958,inditex_images/958.jpg
960,inditex_images/960.jpg
962,inditex_images/962.jpg
963,inditex_images/963.jpg
964,inditex_images/964.jpg
965,inditex_images/965.jpg
967,inditex_images/967.jpg
968,inditex_images/968.jpg
969,inditex_images/969.jpg
970,inditex_images/970.jpg
971,inditex_images/971.jpg
972,inditex_images/972.jpg
973,inditex_images/973.jpg
974,inditex_images/974.jpg
975,inditex_images/975.jpg
976,inditex_images/976.jpg
977,inditex_images/977.jpg
978,inditex_images/978.jpg
979,inditex_images/979.jpg
981,inditex_images/981.jpg
982,inditex_images/982.jpg
983,inditex_images/983.jpg
984,inditex_images/984.jpg
986,inditex_images/986.jpg
987,inditex_images/987.jpg
988,inditex_images/988.jpg
990,inditex_images/990.jpg
991,inditex_images/991.jpg
992,inditex_images/992.jpg
995,inditex_images/995.jpg
996,inditex_images/996.jpg
997,inditex_images/997.jpg
999,inditex_images/999.jpg
